{
  "AWSTemplateFormatVersion": "2010-09-09",
  "Description": "The AWS CloudFormation template for this Serverless application",
  "Resources": {
    "GetDashplanLogGroup": {
      "Type": "AWS::Logs::LogGroup",
      "Properties": {
        "LogGroupName": "/aws/lambda/tripcheck-service-dev-get-plan"
      }
    },
    "GetDashplanDashbyDashidLogGroup": {
      "Type": "AWS::Logs::LogGroup",
      "Properties": {
        "LogGroupName": "/aws/lambda/tripcheck-service-dev-get-plan-by-id"
      }
    },
    "CreateDashplanLogGroup": {
      "Type": "AWS::Logs::LogGroup",
      "Properties": {
        "LogGroupName": "/aws/lambda/tripcheck-service-dev-create-plan"
      }
    },
    "UpdateDashplanLogGroup": {
      "Type": "AWS::Logs::LogGroup",
      "Properties": {
        "LogGroupName": "/aws/lambda/tripcheck-service-dev-update-plan"
      }
    },
    "DeleteDashplanLogGroup": {
      "Type": "AWS::Logs::LogGroup",
      "Properties": {
        "LogGroupName": "/aws/lambda/tripcheck-service-dev-delete-plan"
      }
    },
    "GetDashmapLogGroup": {
      "Type": "AWS::Logs::LogGroup",
      "Properties": {
        "LogGroupName": "/aws/lambda/tripcheck-service-dev-get-map"
      }
    },
    "IamRoleLambdaExecution": {
      "Type": "AWS::IAM::Role",
      "Properties": {
        "AssumeRolePolicyDocument": {
          "Version": "2012-10-17",
          "Statement": [
            {
              "Effect": "Allow",
              "Principal": {
                "Service": [
                  "lambda.amazonaws.com"
                ]
              },
              "Action": [
                "sts:AssumeRole"
              ]
            }
          ]
        },
        "Policies": [
          {
            "PolicyName": {
              "Fn::Join": [
                "-",
                [
                  "tripcheck-service",
                  "dev",
                  "lambda"
                ]
              ]
            },
            "PolicyDocument": {
              "Version": "2012-10-17",
              "Statement": [
                {
                  "Effect": "Allow",
                  "Action": [
                    "logs:CreateLogStream",
                    "logs:CreateLogGroup",
                    "logs:TagResource"
                  ],
                  "Resource": [
                    {
                      "Fn::Sub": "arn:${AWS::Partition}:logs:${AWS::Region}:${AWS::AccountId}:log-group:/aws/lambda/tripcheck-service-dev*:*"
                    }
                  ]
                },
                {
                  "Effect": "Allow",
                  "Action": [
                    "logs:PutLogEvents"
                  ],
                  "Resource": [
                    {
                      "Fn::Sub": "arn:${AWS::Partition}:logs:${AWS::Region}:${AWS::AccountId}:log-group:/aws/lambda/tripcheck-service-dev*:*:*"
                    }
                  ]
                },
                {
                  "Effect": "Allow",
                  "Action": [
                    "dynamodb:DescribeTable",
                    "dynamodb:Query",
                    "dynamodb:Scan",
                    "dynamodb:GetItem",
                    "dynamodb:PutItem",
                    "dynamodb:UpdateItem",
                    "dynamodb:DeleteItem"
                  ],
                  "Resource": [
                    {
                      "Fn::GetAtt": [
                        "PlanTable",
                        "Arn"
                      ]
                    }
                  ]
                }
              ]
            }
          }
        ],
        "Path": "/",
        "RoleName": {
          "Fn::Join": [
            "-",
            [
              "tripcheck-service",
              "dev",
              {
                "Ref": "AWS::Region"
              },
              "lambdaRole"
            ]
          ]
        }
      }
    },
    "GetDashplanLambdaFunction": {
      "Type": "AWS::Lambda::Function",
      "Properties": {
        "Code": {
          "S3Bucket": "tripcheck-deployment-dev",
          "S3Key": "serverless/tripcheck-service/dev/1751377788685-2025-07-01T13:49:48.685Z/tripcheck-service-get-plan.zip"
        },
        "Handler": "src/functions/get-plan.handler",
        "Runtime": "nodejs22.x",
        "FunctionName": "tripcheck-service-dev-get-plan",
        "MemorySize": 256,
        "Timeout": 6,
        "Environment": {
          "Variables": {
            "TABLE_NAME": "tripcheck-service-plans-dev",
            "GOOGLE_MAPS_API_KEY": "XXXXXXXXXXXXXXXXXXXXXXXXXXXXXXXXXXXXXXXXXXXXx",
            "NODE_OPTIONS": "--enable-source-maps"
          }
        },
        "Role": {
          "Fn::GetAtt": [
            "IamRoleLambdaExecution",
            "Arn"
          ]
        },
        "ReservedConcurrentExecutions": 5
      },
      "DependsOn": [
        "GetDashplanLogGroup"
      ]
    },
    "GetDashplanDashbyDashidLambdaFunction": {
      "Type": "AWS::Lambda::Function",
      "Properties": {
        "Code": {
          "S3Bucket": "tripcheck-deployment-dev",
          "S3Key": "serverless/tripcheck-service/dev/1751377788685-2025-07-01T13:49:48.685Z/tripcheck-service-get-plan-by-id.zip"
        },
        "Handler": "src/functions/get-plan-by-id.handler",
        "Runtime": "nodejs22.x",
        "FunctionName": "tripcheck-service-dev-get-plan-by-id",
        "MemorySize": 256,
        "Timeout": 6,
        "Environment": {
          "Variables": {
            "TABLE_NAME": "tripcheck-service-plans-dev",
            "GOOGLE_MAPS_API_KEY": "XXXXXXXXXXXXXXXXXXXXXXXXXXXXXXXXXXXXXXXXXXXXx",
            "NODE_OPTIONS": "--enable-source-maps"
          }
        },
        "Role": {
          "Fn::GetAtt": [
            "IamRoleLambdaExecution",
            "Arn"
          ]
        },
        "ReservedConcurrentExecutions": 5
      },
      "DependsOn": [
        "GetDashplanDashbyDashidLogGroup"
      ]
    },
    "CreateDashplanLambdaFunction": {
      "Type": "AWS::Lambda::Function",
      "Properties": {
        "Code": {
          "S3Bucket": "tripcheck-deployment-dev",
          "S3Key": "serverless/tripcheck-service/dev/1751377788685-2025-07-01T13:49:48.685Z/create-plan.zip"
        },
        "Handler": "src/functions/create-plan.handler",
        "Runtime": "nodejs22.x",
        "FunctionName": "tripcheck-service-dev-create-plan",
        "MemorySize": 256,
        "Timeout": 6,
        "Environment": {
          "Variables": {
            "TABLE_NAME": "tripcheck-service-plans-dev",
            "GOOGLE_MAPS_API_KEY": "XXXXXXXXXXXXXXXXXXXXXXXXXXXXXXXXXXXXXXXXXXXXx"
          }
        },
        "Role": {
          "Fn::GetAtt": [
            "IamRoleLambdaExecution",
            "Arn"
          ]
        },
        "ReservedConcurrentExecutions": 5
      },
      "DependsOn": [
        "CreateDashplanLogGroup"
      ]
    },
    "UpdateDashplanLambdaFunction": {
      "Type": "AWS::Lambda::Function",
      "Properties": {
        "Code": {
          "S3Bucket": "tripcheck-deployment-dev",
          "S3Key": "serverless/tripcheck-service/dev/1751377788685-2025-07-01T13:49:48.685Z/update-plan.zip"
        },
        "Handler": "src/functions/create-plan.handler",
        "Runtime": "nodejs22.x",
        "FunctionName": "tripcheck-service-dev-update-plan",
        "MemorySize": 256,
        "Timeout": 6,
        "Environment": {
          "Variables": {
            "TABLE_NAME": "tripcheck-service-plans-dev",
            "GOOGLE_MAPS_API_KEY": "XXXXXXXXXXXXXXXXXXXXXXXXXXXXXXXXXXXXXXXXXXXXx"
          }
        },
        "Role": {
          "Fn::GetAtt": [
            "IamRoleLambdaExecution",
            "Arn"
          ]
        },
        "ReservedConcurrentExecutions": 5
      },
      "DependsOn": [
        "UpdateDashplanLogGroup"
      ]
    },
    "DeleteDashplanLambdaFunction": {
      "Type": "AWS::Lambda::Function",
      "Properties": {
        "Code": {
          "S3Bucket": "tripcheck-deployment-dev",
          "S3Key": "serverless/tripcheck-service/dev/1751377788685-2025-07-01T13:49:48.685Z/delete-plan.zip"
        },
        "Handler": "src/functions/delete-plan.handler",
        "Runtime": "nodejs22.x",
        "FunctionName": "tripcheck-service-dev-delete-plan",
        "MemorySize": 256,
        "Timeout": 6,
        "Environment": {
          "Variables": {
            "TABLE_NAME": "tripcheck-service-plans-dev",
            "GOOGLE_MAPS_API_KEY": "XXXXXXXXXXXXXXXXXXXXXXXXXXXXXXXXXXXXXXXXXXXXx"
          }
        },
        "Role": {
          "Fn::GetAtt": [
            "IamRoleLambdaExecution",
            "Arn"
          ]
        },
        "ReservedConcurrentExecutions": 5
      },
      "DependsOn": [
        "DeleteDashplanLogGroup"
      ]
    },
    "GetDashmapLambdaFunction": {
      "Type": "AWS::Lambda::Function",
      "Properties": {
        "Code": {
          "S3Bucket": "tripcheck-deployment-dev",
          "S3Key": "serverless/tripcheck-service/dev/1751377788685-2025-07-01T13:49:48.685Z/tripcheck-service-get-map.zip"
        },
        "Handler": "src/functions/get-map.handler",
        "Runtime": "nodejs22.x",
        "FunctionName": "tripcheck-service-dev-get-map",
        "MemorySize": 256,
        "Timeout": 6,
        "Environment": {
          "Variables": {
            "TABLE_NAME": "tripcheck-service-plans-dev",
            "GOOGLE_MAPS_API_KEY": "XXXXXXXXXXXXXXXXXXXXXXXXXXXXXXXXXXXXXXXXXXXXx",
            "NODE_OPTIONS": "--enable-source-maps"
          }
        },
        "Role": {
          "Fn::GetAtt": [
            "IamRoleLambdaExecution",
            "Arn"
          ]
        },
        "ReservedConcurrentExecutions": 5
      },
      "DependsOn": [
        "GetDashmapLogGroup"
      ]
    },
    "GetDashmapLambdaVersionhONVUb6jN45zkYsQ6kECp4aL7oZdsQDX7zERPJukRk": {
      "Type": "AWS::Lambda::Version",
      "DeletionPolicy": "Retain",
      "Properties": {
        "FunctionName": {
          "Ref": "GetDashmapLambdaFunction"
        },
        "CodeSha256": "8W59WeZz4Z72EMT+g+7Ns9D8N46ijpiQM3M8ddKJ+4c="
      }
    },
    "DeleteDashplanLambdaVersion31LK5ELyCXzuFYIl72iGVRJNUcwzV09kYvRaZo0uZnQ": {
      "Type": "AWS::Lambda::Version",
      "DeletionPolicy": "Retain",
      "Properties": {
        "FunctionName": {
          "Ref": "DeleteDashplanLambdaFunction"
        },
        "CodeSha256": "5UfHugTwzhPs0Io0IRHtu3gHKzdpQm8jAofX4775vKI="
      }
    },
    "CreateDashplanLambdaVersionfKevdwFDpv58wnSn08dh1erDAdMynnYH1Plh5DJRHk": {
      "Type": "AWS::Lambda::Version",
      "DeletionPolicy": "Retain",
      "Properties": {
        "FunctionName": {
          "Ref": "CreateDashplanLambdaFunction"
        },
        "CodeSha256": "5UfHugTwzhPs0Io0IRHtu3gHKzdpQm8jAofX4775vKI="
      }
    },
    "UpdateDashplanLambdaVersionKTuvj6W3nyxRCn1jQqqhPtwi6fJTQB1BxpU9jY": {
      "Type": "AWS::Lambda::Version",
      "DeletionPolicy": "Retain",
      "Properties": {
        "FunctionName": {
          "Ref": "UpdateDashplanLambdaFunction"
        },
        "CodeSha256": "5UfHugTwzhPs0Io0IRHtu3gHKzdpQm8jAofX4775vKI="
      }
    },
    "GetDashplanDashbyDashidLambdaVersionU8SrMx5dqTftjMZxjumDiMc389d6qqu9KMIfw9MbHw": {
      "Type": "AWS::Lambda::Version",
      "DeletionPolicy": "Retain",
      "Properties": {
        "FunctionName": {
          "Ref": "GetDashplanDashbyDashidLambdaFunction"
        },
        "CodeSha256": "qKkFQ55wzah0iNsJoykiXR0c9b4of2Z/tpMXViaYzG0="
      }
    },
    "GetDashplanLambdaVersionElH5mwWfuitSf7EWsFiV8s2bfv65Mwh7V7Ywpir8M": {
      "Type": "AWS::Lambda::Version",
      "DeletionPolicy": "Retain",
      "Properties": {
        "FunctionName": {
          "Ref": "GetDashplanLambdaFunction"
        },
        "CodeSha256": "eW7SRrgk8hngMJy7hsZj33qAcI3pEL4MOS5ppy9nV6c="
      }
    },
    "HttpApi": {
      "Type": "AWS::ApiGatewayV2::Api",
      "Properties": {
        "Name": "dev-tripcheck-service",
        "ProtocolType": "HTTP",
        "CorsConfiguration": {
          "AllowHeaders": [
            "Content-Type",
            "X-Amz-Date",
            "Authorization",
            "X-Api-Key",
            "X-Amz-Security-Token",
            "X-Amz-User-Agent",
            "X-Amzn-Trace-Id"
          ],
          "AllowMethods": [
            "OPTIONS",
            "GET",
            "POST",
            "DELETE"
          ],
          "AllowOrigins": [
            "*"
          ]
        }
      }
    },
    "HttpApiStage": {
      "Type": "AWS::ApiGatewayV2::Stage",
      "Properties": {
        "ApiId": {
          "Ref": "HttpApi"
        },
        "StageName": "$default",
        "AutoDeploy": true,
        "DefaultRouteSettings": {
          "DetailedMetricsEnabled": false
        }
      }
    },
    "HttpApiAuthorizerTripCheckJwtAuthorizer": {
      "Type": "AWS::ApiGatewayV2::Authorizer",
      "Properties": {
        "ApiId": {
          "Ref": "HttpApi"
        },
        "Name": "TripCheckJwtAuthorizer",
        "IdentitySource": [
          "$request.header.Authorization"
        ],
        "AuthorizerType": "JWT",
        "JwtConfiguration": {
          "Audience": [
            "74mtj0sj8kpi7bckr84o2fskie"
          ],
          "Issuer": "https://cognito-idp.ap-northeast-1.amazonaws.com/ap-northeast-1_fd8pKPCYd"
        }
      }
    },
    "GetDashplanLambdaPermissionHttpApi": {
      "Type": "AWS::Lambda::Permission",
      "Properties": {
        "FunctionName": {
          "Fn::GetAtt": [
            "GetDashplanLambdaFunction",
            "Arn"
          ]
        },
        "Action": "lambda:InvokeFunction",
        "Principal": "apigateway.amazonaws.com",
        "SourceArn": {
          "Fn::Join": [
            "",
            [
              "arn:",
              {
                "Ref": "AWS::Partition"
              },
              ":execute-api:",
              {
                "Ref": "AWS::Region"
              },
              ":",
              {
                "Ref": "AWS::AccountId"
              },
              ":",
              {
                "Ref": "HttpApi"
              },
              "/*"
            ]
          ]
        }
      }
    },
    "HttpApiIntegrationGetDashplan": {
      "Type": "AWS::ApiGatewayV2::Integration",
      "Properties": {
        "ApiId": {
          "Ref": "HttpApi"
        },
        "IntegrationType": "AWS_PROXY",
        "IntegrationUri": {
          "Fn::GetAtt": [
            "GetDashplanLambdaFunction",
            "Arn"
          ]
        },
        "PayloadFormatVersion": "2.0",
        "TimeoutInMillis": 30000
      }
    },
    "HttpApiRouteGetV1Plans": {
      "Type": "AWS::ApiGatewayV2::Route",
      "Properties": {
        "ApiId": {
          "Ref": "HttpApi"
        },
        "RouteKey": "GET /v1/plans",
        "Target": {
          "Fn::Join": [
            "/",
            [
              "integrations",
              {
                "Ref": "HttpApiIntegrationGetDashplan"
              }
            ]
          ]
        }
      },
      "DependsOn": "HttpApiIntegrationGetDashplan"
    },
    "GetDashplanDashbyDashidLambdaPermissionHttpApi": {
      "Type": "AWS::Lambda::Permission",
      "Properties": {
        "FunctionName": {
          "Fn::GetAtt": [
            "GetDashplanDashbyDashidLambdaFunction",
            "Arn"
          ]
        },
        "Action": "lambda:InvokeFunction",
        "Principal": "apigateway.amazonaws.com",
        "SourceArn": {
          "Fn::Join": [
            "",
            [
              "arn:",
              {
                "Ref": "AWS::Partition"
              },
              ":execute-api:",
              {
                "Ref": "AWS::Region"
              },
              ":",
              {
                "Ref": "AWS::AccountId"
              },
              ":",
              {
                "Ref": "HttpApi"
              },
              "/*"
            ]
          ]
        }
      }
    },
    "HttpApiIntegrationGetDashplanDashbyDashid": {
      "Type": "AWS::ApiGatewayV2::Integration",
      "Properties": {
        "ApiId": {
          "Ref": "HttpApi"
        },
        "IntegrationType": "AWS_PROXY",
        "IntegrationUri": {
          "Fn::GetAtt": [
            "GetDashplanDashbyDashidLambdaFunction",
            "Arn"
          ]
        },
        "PayloadFormatVersion": "2.0",
        "TimeoutInMillis": 30000
      }
    },
    "HttpApiRouteGetV1PlansIdVar": {
      "Type": "AWS::ApiGatewayV2::Route",
      "Properties": {
        "ApiId": {
          "Ref": "HttpApi"
        },
        "RouteKey": "GET /v1/plans/{id}",
        "Target": {
          "Fn::Join": [
            "/",
            [
              "integrations",
              {
                "Ref": "HttpApiIntegrationGetDashplanDashbyDashid"
              }
            ]
          ]
        }
      },
      "DependsOn": "HttpApiIntegrationGetDashplanDashbyDashid"
    },
    "CreateDashplanLambdaPermissionHttpApi": {
      "Type": "AWS::Lambda::Permission",
      "Properties": {
        "FunctionName": {
          "Fn::GetAtt": [
            "CreateDashplanLambdaFunction",
            "Arn"
          ]
        },
        "Action": "lambda:InvokeFunction",
        "Principal": "apigateway.amazonaws.com",
        "SourceArn": {
          "Fn::Join": [
            "",
            [
              "arn:",
              {
                "Ref": "AWS::Partition"
              },
              ":execute-api:",
              {
                "Ref": "AWS::Region"
              },
              ":",
              {
                "Ref": "AWS::AccountId"
              },
              ":",
              {
                "Ref": "HttpApi"
              },
              "/*"
            ]
          ]
        }
      }
    },
    "HttpApiIntegrationCreateDashplan": {
      "Type": "AWS::ApiGatewayV2::Integration",
      "Properties": {
        "ApiId": {
          "Ref": "HttpApi"
        },
        "IntegrationType": "AWS_PROXY",
        "IntegrationUri": {
          "Fn::GetAtt": [
            "CreateDashplanLambdaFunction",
            "Arn"
          ]
        },
        "PayloadFormatVersion": "2.0",
        "TimeoutInMillis": 30000
      }
    },
    "HttpApiRoutePostV1Plans": {
      "Type": "AWS::ApiGatewayV2::Route",
      "Properties": {
        "ApiId": {
          "Ref": "HttpApi"
        },
        "RouteKey": "POST /v1/plans",
        "Target": {
          "Fn::Join": [
            "/",
            [
              "integrations",
              {
                "Ref": "HttpApiIntegrationCreateDashplan"
              }
            ]
          ]
        }
      },
      "DependsOn": "HttpApiIntegrationCreateDashplan"
    },
    "UpdateDashplanLambdaPermissionHttpApi": {
      "Type": "AWS::Lambda::Permission",
      "Properties": {
        "FunctionName": {
          "Fn::GetAtt": [
            "UpdateDashplanLambdaFunction",
            "Arn"
          ]
        },
        "Action": "lambda:InvokeFunction",
        "Principal": "apigateway.amazonaws.com",
        "SourceArn": {
          "Fn::Join": [
            "",
            [
              "arn:",
              {
                "Ref": "AWS::Partition"
              },
              ":execute-api:",
              {
                "Ref": "AWS::Region"
              },
              ":",
              {
                "Ref": "AWS::AccountId"
              },
              ":",
              {
                "Ref": "HttpApi"
              },
              "/*"
            ]
          ]
        }
      }
    },
    "HttpApiIntegrationUpdateDashplan": {
      "Type": "AWS::ApiGatewayV2::Integration",
      "Properties": {
        "ApiId": {
          "Ref": "HttpApi"
        },
        "IntegrationType": "AWS_PROXY",
        "IntegrationUri": {
          "Fn::GetAtt": [
            "UpdateDashplanLambdaFunction",
            "Arn"
          ]
        },
        "PayloadFormatVersion": "2.0",
        "TimeoutInMillis": 30000
      }
    },
    "HttpApiRoutePostV1PlansIdVar": {
      "Type": "AWS::ApiGatewayV2::Route",
      "Properties": {
        "ApiId": {
          "Ref": "HttpApi"
        },
        "RouteKey": "POST /v1/plans/{id}",
        "Target": {
          "Fn::Join": [
            "/",
            [
              "integrations",
              {
                "Ref": "HttpApiIntegrationUpdateDashplan"
              }
            ]
          ]
        }
      },
      "DependsOn": "HttpApiIntegrationUpdateDashplan"
    },
    "DeleteDashplanLambdaPermissionHttpApi": {
      "Type": "AWS::Lambda::Permission",
      "Properties": {
        "FunctionName": {
          "Fn::GetAtt": [
            "DeleteDashplanLambdaFunction",
            "Arn"
          ]
        },
        "Action": "lambda:InvokeFunction",
        "Principal": "apigateway.amazonaws.com",
        "SourceArn": {
          "Fn::Join": [
            "",
            [
              "arn:",
              {
                "Ref": "AWS::Partition"
              },
              ":execute-api:",
              {
                "Ref": "AWS::Region"
              },
              ":",
              {
                "Ref": "AWS::AccountId"
              },
              ":",
              {
                "Ref": "HttpApi"
              },
              "/*"
            ]
          ]
        }
      }
    },
    "HttpApiIntegrationDeleteDashplan": {
      "Type": "AWS::ApiGatewayV2::Integration",
      "Properties": {
        "ApiId": {
          "Ref": "HttpApi"
        },
        "IntegrationType": "AWS_PROXY",
        "IntegrationUri": {
          "Fn::GetAtt": [
            "DeleteDashplanLambdaFunction",
            "Arn"
          ]
        },
        "PayloadFormatVersion": "2.0",
        "TimeoutInMillis": 30000
      }
    },
    "HttpApiRouteDeleteV1PlansIdVar": {
      "Type": "AWS::ApiGatewayV2::Route",
      "Properties": {
        "ApiId": {
          "Ref": "HttpApi"
        },
        "RouteKey": "DELETE /v1/plans/{id}",
        "Target": {
          "Fn::Join": [
            "/",
            [
              "integrations",
              {
                "Ref": "HttpApiIntegrationDeleteDashplan"
              }
            ]
          ]
        }
      },
      "DependsOn": "HttpApiIntegrationDeleteDashplan"
    },
    "GetDashmapLambdaPermissionHttpApi": {
      "Type": "AWS::Lambda::Permission",
      "Properties": {
        "FunctionName": {
          "Fn::GetAtt": [
            "GetDashmapLambdaFunction",
            "Arn"
          ]
        },
        "Action": "lambda:InvokeFunction",
        "Principal": "apigateway.amazonaws.com",
        "SourceArn": {
          "Fn::Join": [
            "",
            [
              "arn:",
              {
                "Ref": "AWS::Partition"
              },
              ":execute-api:",
              {
                "Ref": "AWS::Region"
              },
              ":",
              {
                "Ref": "AWS::AccountId"
              },
              ":",
              {
                "Ref": "HttpApi"
              },
              "/*"
            ]
          ]
        }
      }
    },
    "HttpApiIntegrationGetDashmap": {
      "Type": "AWS::ApiGatewayV2::Integration",
      "Properties": {
        "ApiId": {
          "Ref": "HttpApi"
        },
        "IntegrationType": "AWS_PROXY",
        "IntegrationUri": {
          "Fn::GetAtt": [
            "GetDashmapLambdaFunction",
            "Arn"
          ]
        },
        "PayloadFormatVersion": "2.0",
        "TimeoutInMillis": 30000
      }
    },
    "HttpApiRouteGetV1Maps": {
      "Type": "AWS::ApiGatewayV2::Route",
      "Properties": {
        "ApiId": {
          "Ref": "HttpApi"
        },
        "RouteKey": "GET /v1/maps",
        "Target": {
          "Fn::Join": [
            "/",
            [
              "integrations",
              {
                "Ref": "HttpApiIntegrationGetDashmap"
              }
            ]
          ]
        }
      },
      "DependsOn": "HttpApiIntegrationGetDashmap"
    },
    "PlanTable": {
      "Type": "AWS::DynamoDB::Table",
      "Properties": {
        "TableName": "tripcheck-service-plans-dev",
        "AttributeDefinitions": [
          {
            "AttributeName": "id",
            "AttributeType": "S"
          }
        ],
        "KeySchema": [
          {
            "AttributeName": "id",
            "KeyType": "HASH"
          }
        ],
        "BillingMode": "PAY_PER_REQUEST"
      }
    }
  },
  "Outputs": {
    "ServerlessDeploymentBucketName": {
      "Value": "tripcheck-deployment-dev",
      "Export": {
        "Name": "sls-tripcheck-service-dev-ServerlessDeploymentBucketName"
      }
    },
    "GetDashmapLambdaFunctionQualifiedArn": {
      "Description": "Current Lambda function version",
      "Value": {
        "Ref": "GetDashmapLambdaVersionhONVUb6jN45zkYsQ6kECp4aL7oZdsQDX7zERPJukRk"
      },
      "Export": {
        "Name": "sls-tripcheck-service-dev-GetDashmapLambdaFunctionQualifiedArn"
      }
    },
    "DeleteDashplanLambdaFunctionQualifiedArn": {
      "Description": "Current Lambda function version",
      "Value": {
        "Ref": "DeleteDashplanLambdaVersion31LK5ELyCXzuFYIl72iGVRJNUcwzV09kYvRaZo0uZnQ"
      },
      "Export": {
        "Name": "sls-tripcheck-service-dev-DeleteDashplanLambdaFunctionQualifiedArn"
      }
    },
    "CreateDashplanLambdaFunctionQualifiedArn": {
      "Description": "Current Lambda function version",
      "Value": {
        "Ref": "CreateDashplanLambdaVersionfKevdwFDpv58wnSn08dh1erDAdMynnYH1Plh5DJRHk"
      },
      "Export": {
        "Name": "sls-tripcheck-service-dev-CreateDashplanLambdaFunctionQualifiedArn"
      }
    },
    "UpdateDashplanLambdaFunctionQualifiedArn": {
      "Description": "Current Lambda function version",
      "Value": {
        "Ref": "UpdateDashplanLambdaVersionKTuvj6W3nyxRCn1jQqqhPtwi6fJTQB1BxpU9jY"
      },
      "Export": {
        "Name": "sls-tripcheck-service-dev-UpdateDashplanLambdaFunctionQualifiedArn"
      }
    },
    "GetDashplanDashbyDashidLambdaFunctionQualifiedArn": {
      "Description": "Current Lambda function version",
      "Value": {
        "Ref": "GetDashplanDashbyDashidLambdaVersionU8SrMx5dqTftjMZxjumDiMc389d6qqu9KMIfw9MbHw"
      },
      "Export": {
        "Name": "sls-tripcheck-service-dev-GetDashplanDashbyDashidLambdaFunctionQualifiedArn"
      }
    },
    "GetDashplanLambdaFunctionQualifiedArn": {
      "Description": "Current Lambda function version",
      "Value": {
        "Ref": "GetDashplanLambdaVersionElH5mwWfuitSf7EWsFiV8s2bfv65Mwh7V7Ywpir8M"
      },
      "Export": {
        "Name": "sls-tripcheck-service-dev-GetDashplanLambdaFunctionQualifiedArn"
      }
    },
    "HttpApiId": {
      "Description": "Id of the HTTP API",
      "Value": {
        "Ref": "HttpApi"
      },
      "Export": {
        "Name": "sls-tripcheck-service-dev-HttpApiId"
      }
    },
    "HttpApiUrl": {
      "Description": "URL of the HTTP API",
      "Value": {
        "Fn::Join": [
          "",
          [
            "https://",
            {
              "Ref": "HttpApi"
            },
            ".execute-api.",
            {
              "Ref": "AWS::Region"
            },
            ".",
            {
              "Ref": "AWS::URLSuffix"
            }
          ]
        ]
      },
      "Export": {
        "Name": "sls-tripcheck-service-dev-HttpApiUrl"
      }
    }
  }
}